Order_ID,Units_Sold,Order_Date,Region,Country
957499969,4373,2014-08-27,Sub-Saharan Africa,Chad
730241334,3493,2013-06-04,Sub-Saharan Africa,Chad
104372107,4881,2013-06-25,Sub-Saharan Africa,Chad
781228196,1639,2015-01-03,Sub-Saharan Africa,Chad
613357102,4852,2010-06-06,Sub-Saharan Africa,Chad
844927871,1788,2015-07-06,Sub-Saharan Africa,Chad
396442353,4957,2010-01-29,Sub-Saharan Africa,Chad
908710801,6574,2013-12-23,Sub-Saharan Africa,Chad
129766833,9745,2013-09-21,Sub-Saharan Africa,Chad
521810519,4183,2013-09-05,Sub-Saharan Africa,Chad
896943414,4343,2013-12-30,Sub-Saharan Africa,Chad
464594495,2690,2013-12-20,Sub-Saharan Africa,Chad
920280778,388,2012-11-10,Sub-Saharan Africa,Chad
215915524,3057,2015-09-21,Sub-Saharan Africa,Chad
499501836,2548,2011-09-19,Sub-Saharan Africa,Chad
359280240,7862,2017-06-06,Sub-Saharan Africa,Chad
568682658,4691,2012-07-04,Sub-Saharan Africa,Chad
628210532,312,2016-04-05,Sub-Saharan Africa,Chad
927736032,6563,2016-07-24,Sub-Saharan Africa,Chad
977694213,299,2013-09-02,Sub-Saharan Africa,Chad
236166846,5873,2016-04-22,Sub-Saharan Africa,Chad
600561034,8211,2013-07-18,Sub-Saharan Africa,Chad
514412343,4899,2011-07-19,Sub-Saharan Africa,Chad
998974215,7525,2011-02-27,Sub-Saharan Africa,Chad
956414210,3073,2016-03-07,Sub-Saharan Africa,Chad
935092580,3529,2012-02-21,Sub-Saharan Africa,Chad
507887065,3924,2011-10-09,Sub-Saharan Africa,Chad
488721501,2408,2017-03-25,Sub-Saharan Africa,Chad
953032052,2218,2016-04-03,Sub-Saharan Africa,Chad
457928884,188,2014-08-30,Sub-Saharan Africa,Chad
929694688,6173,2017-05-22,Sub-Saharan Africa,Chad
682241809,9367,2017-02-21,Sub-Saharan Africa,Chad
941462075,8404,2017-05-16,Sub-Saharan Africa,Chad
815065228,4769,2016-11-14,Sub-Saharan Africa,Chad
162518107,1574,2017-02-12,Sub-Saharan Africa,Chad
299710738,9923,2014-09-11,Sub-Saharan Africa,Chad
956372582,755,2017-03-15,Sub-Saharan Africa,Chad
896844708,5134,2013-06-12,Sub-Saharan Africa,Chad
872281253,6262,2016-07-31,Sub-Saharan Africa,Chad
925579965,8535,2014-08-20,Sub-Saharan Africa,Chad
910726535,3075,2016-05-16,Sub-Saharan Africa,Chad
387859714,5163,2016-07-01,Sub-Saharan Africa,Chad
973283374,5034,2016-11-02,Sub-Saharan Africa,Chad
914841258,713,2011-07-22,Sub-Saharan Africa,Chad
990251243,6203,2010-06-22,Sub-Saharan Africa,Chad
156148612,6699,2011-11-20,Sub-Saharan Africa,Chad
340987575,4656,2010-02-05,Sub-Saharan Africa,Chad
743769967,6916,2013-02-18,Sub-Saharan Africa,Chad
181345927,3145,2011-01-11,Sub-Saharan Africa,Chad
906991183,7701,2013-03-25,Sub-Saharan Africa,Chad
866743028,7378,2014-09-23,Sub-Saharan Africa,Chad
931611716,3464,2011-08-31,Sub-Saharan Africa,Chad
123932492,3233,2010-03-22,Sub-Saharan Africa,Chad
647770917,8664,2012-12-31,Sub-Saharan Africa,Chad
441651952,3482,2017-04-20,Sub-Saharan Africa,Chad
266268527,3629,2015-01-10,Sub-Saharan Africa,Chad
533141458,7260,2012-06-25,Sub-Saharan Africa,Chad
639286983,8079,2012-05-25,Sub-Saharan Africa,Chad
523431432,3847,2013-11-16,Sub-Saharan Africa,Chad
917729890,5523,2016-04-23,Sub-Saharan Africa,Chad
507492244,7087,2017-02-22,Sub-Saharan Africa,Chad
941124331,8458,2016-09-28,Sub-Saharan Africa,Chad
905962502,3292,2016-04-29,Sub-Saharan Africa,Chad
495922267,3274,2010-09-09,Sub-Saharan Africa,Chad
179288566,4326,2017-03-23,Sub-Saharan Africa,Chad
943181693,7277,2010-07-19,Sub-Saharan Africa,Chad
696700417,7991,2013-03-16,Sub-Saharan Africa,Chad
908076941,9001,2011-09-13,Sub-Saharan Africa,Chad
343933284,6356,2016-06-02,Sub-Saharan Africa,Chad
724110877,9355,2015-11-05,Sub-Saharan Africa,Chad
844138228,8115,2011-02-12,Sub-Saharan Africa,Chad
741078746,524,2017-01-19,Sub-Saharan Africa,Chad
539271914,1398,2010-01-22,Sub-Saharan Africa,Chad
105696904,6918,2012-01-12,Sub-Saharan Africa,Chad
866446912,9750,2013-01-29,Sub-Saharan Africa,Chad
608255326,5123,2017-04-29,Sub-Saharan Africa,Chad
338436686,9791,2013-07-19,Sub-Saharan Africa,Chad
529759299,6404,2012-07-21,Sub-Saharan Africa,Chad
887726914,6976,2010-07-26,Sub-Saharan Africa,Chad
153597724,1835,2015-05-03,Sub-Saharan Africa,Chad
998241651,742,2015-11-26,Sub-Saharan Africa,Chad
849536120,5471,2013-06-10,Sub-Saharan Africa,Chad
573290908,8374,2010-06-08,Sub-Saharan Africa,Chad
544612729,1864,2010-10-25,Sub-Saharan Africa,Chad
122805106,9615,2012-10-08,Sub-Saharan Africa,Chad
735878264,1586,2015-10-30,Sub-Saharan Africa,Chad
426642739,1922,2016-12-03,Sub-Saharan Africa,Chad
894153487,8742,2017-05-13,Sub-Saharan Africa,Chad
395907199,6593,2015-12-04,Sub-Saharan Africa,Chad
812316930,1486,2011-08-25,Sub-Saharan Africa,Chad
938770854,2012,2013-09-19,Sub-Saharan Africa,Chad
157712447,9473,2010-07-08,Sub-Saharan Africa,Chad
114123761,612,2011-01-25,Sub-Saharan Africa,Chad
159967219,6710,2012-12-28,Sub-Saharan Africa,Chad
575405347,4084,2013-05-19,Sub-Saharan Africa,Chad
117604625,677,2011-07-18,Sub-Saharan Africa,Chad
316325414,6574,2012-09-06,Sub-Saharan Africa,Chad
411986720,4881,2012-03-09,Sub-Saharan Africa,Chad
390706717,7655,2014-09-13,Sub-Saharan Africa,Chad
663751733,7743,2016-04-14,Sub-Saharan Africa,Chad
194043290,576,2014-12-08,Sub-Saharan Africa,Chad
950678575,5771,2013-03-25,Sub-Saharan Africa,Chad
851790893,2709,2015-12-01,Sub-Saharan Africa,Chad
996324622,3451,2014-01-21,Sub-Saharan Africa,Chad
656353557,8458,2014-02-26,Sub-Saharan Africa,Chad
584086692,3087,2015-01-31,Sub-Saharan Africa,Chad
136629855,665,2014-02-16,Sub-Saharan Africa,Chad
213265931,8983,2011-01-18,Sub-Saharan Africa,Chad
509705388,2006,2013-01-25,Sub-Saharan Africa,Chad
934796464,5902,2010-06-29,Sub-Saharan Africa,Chad
382222783,7070,2014-02-04,Sub-Saharan Africa,Chad
457632768,2560,2013-01-05,Sub-Saharan Africa,Chad
662723052,3333,2011-10-24,Sub-Saharan Africa,Chad
184587752,2473,2011-06-06,Sub-Saharan Africa,Chad
672235667,8327,2016-11-21,Sub-Saharan Africa,Chad
488425385,4780,2015-08-01,Sub-Saharan Africa,Chad
715824353,7188,2016-05-04,Sub-Saharan Africa,Chad
917096030,7950,2014-01-12,Sub-Saharan Africa,Chad
797068679,9190,2011-03-10,Sub-Saharan Africa,Chad
872478663,4680,2010-02-08,Sub-Saharan Africa,Chad
824775254,8181,2015-06-23,Sub-Saharan Africa,Chad
293481576,6575,2016-07-25,Sub-Saharan Africa,Chad
942688167,1232,2015-05-17,Sub-Saharan Africa,Chad
373203694,8121,2011-10-07,Sub-Saharan Africa,Chad
651449191,7147,2014-07-30,Sub-Saharan Africa,Chad
731171309,8694,2017-05-07,Sub-Saharan Africa,Chad
601631343,4939,2016-12-31,Sub-Saharan Africa,Chad
791727864,8724,2010-06-07,Sub-Saharan Africa,Chad
856596553,4810,2014-12-11,Sub-Saharan Africa,Chad
333786809,3789,2016-08-21,Sub-Saharan Africa,Chad
331672370,8080,2013-09-10,Sub-Saharan Africa,Chad
160658156,1174,2016-11-02,Sub-Saharan Africa,Chad
228612887,489,2012-01-21,Sub-Saharan Africa,Chad
458266627,134,2015-04-17,Sub-Saharan Africa,Chad
945971620,2879,2014-10-01,Sub-Saharan Africa,Chad
280825841,1462,2011-08-22,Sub-Saharan Africa,Chad
574179255,1256,2015-05-20,Sub-Saharan Africa,Chad
768530833,4207,2011-02-05,Sub-Saharan Africa,Chad
270341622,8948,2011-03-25,Sub-Saharan Africa,Chad
811090838,8658,2013-08-24,Sub-Saharan Africa,Chad
148059499,2951,2013-06-25,Sub-Saharan Africa,Chad
684693992,5022,2013-02-22,Sub-Saharan Africa,Chad
655958735,1622,2011-12-16,Sub-Saharan Africa,Chad
299019801,5459,2010-11-06,Sub-Saharan Africa,Chad
507253205,6351,2017-01-24,Sub-Saharan Africa,Chad
686751353,3841,2014-07-10,Sub-Saharan Africa,Chad
681410539,3376,2013-10-07,Sub-Saharan Africa,Chad
309561097,4863,2012-10-29,Sub-Saharan Africa,Chad
381885039,7124,2013-06-20,Sub-Saharan Africa,Chad
354178464,8133,2016-10-02,Sub-Saharan Africa,Chad
375894916,4514,2015-06-03,Sub-Saharan Africa,Chad
181543338,1563,2012-02-17,Sub-Saharan Africa,Chad
741515195,9679,2010-08-28,Sub-Saharan Africa,Chad
974114644,1025,2012-08-23,Sub-Saharan Africa,Chad
892335164,660,2016-01-25,Sub-Saharan Africa,Chad
709553563,1522,2011-08-29,Sub-Saharan Africa,Chad
994365966,3841,2013-03-24,Sub-Saharan Africa,Chad
297398889,5795,2010-08-25,Sub-Saharan Africa,Chad
702098309,5347,2015-07-13,Sub-Saharan Africa,Chad
508718335,9915,2015-02-23,Sub-Saharan Africa,Chad
555647552,7313,2015-07-18,Sub-Saharan Africa,Chad
955146491,7927,2011-08-18,Sub-Saharan Africa,Chad
692585694,353,2010-06-14,Sub-Saharan Africa,Chad
863656985,4149,2016-06-12,Sub-Saharan Africa,Chad
339761483,1828,2012-02-05,Sub-Saharan Africa,Chad
569274890,9945,2015-10-21,Sub-Saharan Africa,Chad
706410443,1403,2011-10-24,Sub-Saharan Africa,Chad
670277011,8717,2016-01-24,Sub-Saharan Africa,Chad
774365174,718,2014-08-08,Sub-Saharan Africa,Chad
551278340,4366,2010-02-14,Sub-Saharan Africa,Chad
747941768,1445,2017-06-16,Sub-Saharan Africa,Chad
374866235,104,2010-12-11,Sub-Saharan Africa,Chad
384378850,5098,2016-01-09,Sub-Saharan Africa,Chad
653309142,7548,2014-11-09,Sub-Saharan Africa,Chad
619233071,3681,2012-11-29,Sub-Saharan Africa,Chad
851001250,9036,2011-07-10,Sub-Saharan Africa,Chad
344130694,4775,2017-07-09,Sub-Saharan Africa,Chad
363155925,4763,2012-07-13,Sub-Saharan Africa,Chad
638455712,2088,2016-08-05,Sub-Saharan Africa,Chad
975200402,2325,2011-02-11,Sub-Saharan Africa,Chad
202823340,8788,2017-03-10,Sub-Saharan Africa,Chad
925283849,908,2012-12-26,Sub-Saharan Africa,Chad
748871743,6645,2013-10-23,Sub-Saharan Africa,Chad
844533050,4952,2013-04-24,Sub-Saharan Africa,Chad
876494681,3109,2012-04-24,Sub-Saharan Africa,Chad
898803365,4744,2014-04-10,Sub-Saharan Africa,Chad
257052028,6262,2011-08-06,Sub-Saharan Africa,Chad
779664361,8865,2016-05-17,Sub-Saharan Africa,Chad
372710168,2076,2016-08-03,Sub-Saharan Africa,Chad
301669394,9532,2015-07-10,Sub-Saharan Africa,Chad
909344661,4148,2016-04-03,Sub-Saharan Africa,Chad
148594653,1315,2015-03-18,Sub-Saharan Africa,Chad
908373057,6629,2013-05-07,Sub-Saharan Africa,Chad
452489364,513,2013-05-11,Sub-Saharan Africa,Chad
323978078,1168,2017-06-26,Sub-Saharan Africa,Chad
232488572,7390,2014-09-24,Sub-Saharan Africa,Chad
761667811,3286,2010-09-11,Sub-Saharan Africa,Chad
899889123,6044,2012-09-29,Sub-Saharan Africa,Chad
163448083,6775,2013-06-21,Sub-Saharan Africa,Chad
103977286,8044,2011-04-14,Sub-Saharan Africa,Chad
265535962,6847,2012-03-14,Sub-Saharan Africa,Chad
821195685,8907,2014-06-13,Sub-Saharan Africa,Chad
822956931,99,2014-03-06,Sub-Saharan Africa,Chad
449938476,5648,2016-10-21,Sub-Saharan Africa,Chad
556281411,4886,2010-04-01,Sub-Saharan Africa,Chad
875029551,9544,2014-03-26,Sub-Saharan Africa,Chad
260927712,3163,2014-04-09,Sub-Saharan Africa,Chad
837867438,2449,2014-01-03,Sub-Saharan Africa,Chad
498867976,4975,2017-01-04,Sub-Saharan Africa,Chad
971662461,5370,2016-08-22,Sub-Saharan Africa,Chad
803791368,8583,2012-01-24,Sub-Saharan Africa,Chad
250189006,5341,2011-03-11,Sub-Saharan Africa,Chad
743234813,8552,2011-05-29,Sub-Saharan Africa,Chad
829383504,1864,2013-05-28,Sub-Saharan Africa,Chad
759116923,8422,2014-02-21,Sub-Saharan Africa,Chad
405264031,5488,2011-04-25,Sub-Saharan Africa,Chad
964264285,6085,2014-07-05,Sub-Saharan Africa,Chad
823985612,4508,2011-01-30,Sub-Saharan Africa,Chad
310885894,6899,2011-05-19,Sub-Saharan Africa,Chad
999369037,4361,2013-05-10,Sub-Saharan Africa,Chad
101426398,3180,2014-09-25,Sub-Saharan Africa,Chad
794278752,3588,2014-07-23,Sub-Saharan Africa,Chad
530689275,1604,2016-06-24,Sub-Saharan Africa,Chad
838896119,6859,2010-11-28,Sub-Saharan Africa,Chad
844236934,7324,2011-08-31,Sub-Saharan Africa,Chad
855469167,1192,2017-06-29,Sub-Saharan Africa,Chad
927538621,8145,2015-06-19,Sub-Saharan Africa,Chad
925481259,9326,2014-02-01,Sub-Saharan Africa,Chad
473909699,9266,2010-05-17,Sub-Saharan Africa,Chad
782116544,4521,2012-05-18,Sub-Saharan Africa,Chad
845759141,7779,2011-04-25,Sub-Saharan Africa,Chad
776718652,7164,2010-01-20,Sub-Saharan Africa,Chad
686455237,6214,2012-11-15,Sub-Saharan Africa,Chad
810851800,7921,2013-07-26,Sub-Saharan Africa,Chad
781087863,111,2015-06-23,Sub-Saharan Africa,Chad
111629951,2638,2016-01-31,Sub-Saharan Africa,Chad
998833882,5997,2011-08-18,Sub-Saharan Africa,Chad
387818086,2845,2017-07-09,Sub-Saharan Africa,Chad
673659169,9573,2015-12-28,Sub-Saharan Africa,Chad
641837871,2944,2016-07-09,Sub-Saharan Africa,Chad
203950726,2407,2014-08-22,Sub-Saharan Africa,Chad
568542325,3163,2012-12-23,Sub-Saharan Africa,Chad
289013659,4419,2010-08-05,Sub-Saharan Africa,Chad
479307591,6622,2012-09-12,Sub-Saharan Africa,Chad
811823403,5440,2016-06-21,Sub-Saharan Africa,Chad
971127307,7006,2014-11-30,Sub-Saharan Africa,Chad
517498385,8127,2017-05-25,Sub-Saharan Africa,Chad
477390563,9331,2010-11-08,Sub-Saharan Africa,Chad
669741857,353,2014-05-03,Sub-Saharan Africa,Chad
350993716,5695,2010-05-09,Sub-Saharan Africa,Chad
561481893,3824,2011-06-22,Sub-Saharan Africa,Chad
115110814,2703,2016-07-24,Sub-Saharan Africa,Chad
852523458,9491,2011-03-03,Sub-Saharan Africa,Chad
294608962,194,2014-01-07,Sub-Saharan Africa,Chad
431744515,1651,2010-01-09,Sub-Saharan Africa,Chad
639977920,2543,2016-03-30,Sub-Saharan Africa,Chad
583790576,5459,2013-06-08,Sub-Saharan Africa,Chad
318143737,4656,2013-12-24,Sub-Saharan Africa,Chad
234052407,163,2013-05-12,Sub-Saharan Africa,Chad
819673478,8452,2014-10-19,Sub-Saharan Africa,Chad
614583194,7679,2016-01-01,Sub-Saharan Africa,Chad
975834262,9898,2013-05-23,Sub-Saharan Africa,Chad
448712384,2821,2011-03-26,Sub-Saharan Africa,Chad
149129807,9679,2016-12-08,Sub-Saharan Africa,Chad
881258714,2892,2012-05-11,Sub-Saharan Africa,Chad
661257922,9769,2013-09-24,Sub-Saharan Africa,Chad
735639226,849,2015-09-30,Sub-Saharan Africa,Chad
560255801,997,2013-06-21,Sub-Saharan Africa,Chad
424289262,5476,2013-11-24,Sub-Saharan Africa,Chad
322258460,2294,2016-09-25,Sub-Saharan Africa,Chad
191374814,915,2012-12-27,Central America and the Caribbean,Cuba
160441863,7168,2010-11-23,Central America and the Caribbean,Cuba
878829276,3967,2010-06-28,Central America and the Caribbean,Cuba
571651113,3122,2012-12-18,Central America and the Caribbean,Cuba
841667163,6872,2010-04-08,Central America and the Caribbean,Cuba
109595334,550,2016-05-31,Central America and the Caribbean,Cuba
423974263,2261,2014-12-22,Central America and the Caribbean,Cuba
849065339,6157,2012-05-26,Central America and the Caribbean,Cuba
704474532,8524,2012-09-09,Central America and the Caribbean,Cuba
692904555,4711,2013-10-22,Central America and the Caribbean,Cuba
774684035,5076,2010-05-20,Central America and the Caribbean,Cuba
506839501,3926,2010-01-08,Central America and the Caribbean,Cuba
716241919,755,2012-09-02,Central America and the Caribbean,Cuba
407063472,7982,2015-05-03,Central America and the Caribbean,Cuba
360331666,9002,2016-01-15,Central America and the Caribbean,Cuba
312430846,4085,2012-09-25,Central America and the Caribbean,Cuba
123222672,3182,2016-09-03,Central America and the Caribbean,Cuba
646032416,4203,2014-12-24,Central America and the Caribbean,Cuba
671624553,7485,2016-04-27,Central America and the Caribbean,Cuba
308259046,9557,2015-12-26,Central America and the Caribbean,Cuba
921389281,8418,2013-01-14,Central America and the Caribbean,Cuba
609800279,2308,2011-02-09,Central America and the Caribbean,Cuba
916978442,3153,2016-03-17,Central America and the Caribbean,Cuba
353666055,6500,2016-09-24,Central America and the Caribbean,Cuba
782928931,4924,2010-11-28,Central America and the Caribbean,Cuba
940315806,9198,2015-01-27,Central America and the Caribbean,Cuba
412108170,820,2014-06-11,Central America and the Caribbean,Cuba
386713445,5957,2014-03-15,Central America and the Caribbean,Cuba
499285542,8542,2013-05-06,Central America and the Caribbean,Cuba
366462123,3141,2013-08-13,Central America and the Caribbean,Cuba
804208934,2150,2015-12-20,Central America and the Caribbean,Cuba
746935832,3766,2014-09-09,Central America and the Caribbean,Cuba
248492133,3199,2012-02-25,Central America and the Caribbean,Cuba
276198709,2190,2016-06-08,Central America and the Caribbean,Cuba
330328691,455,2010-04-18,Central America and the Caribbean,Cuba
184709203,8413,2013-09-07,Central America and the Caribbean,Cuba
815976321,4381,2015-12-13,Central America and the Caribbean,Cuba
852109754,7067,2011-09-13,Central America and the Caribbean,Cuba
265460002,4369,2013-05-11,Central America and the Caribbean,Cuba
189021337,4469,2017-07-15,Central America and the Caribbean,Cuba
315418183,8105,2010-06-19,Central America and the Caribbean,Cuba
338755548,4149,2016-11-25,Central America and the Caribbean,Cuba
207849156,6039,2011-06-14,Central America and the Caribbean,Cuba
756053626,1924,2017-07-27,Central America and the Caribbean,Cuba
751741492,5868,2013-09-19,Central America and the Caribbean,Cuba
116359651,2261,2016-04-08,Central America and the Caribbean,Cuba
155776536,6594,2011-05-25,Central America and the Caribbean,Cuba
951490962,6175,2011-10-05,Central America and the Caribbean,Cuba
470212543,5195,2011-07-12,Central America and the Caribbean,Cuba
460699927,201,2014-01-08,Central America and the Caribbean,Cuba
119643104,3908,2015-08-25,Central America and the Caribbean,Cuba
657306277,389,2012-03-19,Central America and the Caribbean,Cuba
631714141,7107,2010-11-15,Central America and the Caribbean,Cuba
944092786,6890,2017-03-14,Central America and the Caribbean,Cuba
299141252,1399,2013-02-07,Central America and the Caribbean,Cuba
878335750,7922,2015-04-26,Central America and the Caribbean,Cuba
537138593,101,2017-05-31,Central America and the Caribbean,Cuba
135582292,668,2012-05-18,Central America and the Caribbean,Cuba
590239894,3956,2014-05-15,Central America and the Caribbean,Cuba
551992022,5561,2015-09-04,Central America and the Caribbean,Cuba
223731267,5909,2014-03-09,Central America and the Caribbean,Cuba
171715724,3353,2015-09-13,Central America and the Caribbean,Cuba
593523347,5603,2013-09-30,Central America and the Caribbean,Cuba
803715407,6104,2013-03-22,Central America and the Caribbean,Cuba
905746209,9286,2010-05-20,Central America and the Caribbean,Cuba
575230681,2396,2013-12-28,Central America and the Caribbean,Cuba
522186458,5432,2011-01-11,Central America and the Caribbean,Cuba
310669600,2893,2013-01-02,Central America and the Caribbean,Cuba
293701732,1724,2011-10-19,Central America and the Caribbean,Cuba
818568837,1564,2011-06-25,Central America and the Caribbean,Cuba
200154864,9127,2015-03-30,Central America and the Caribbean,Cuba
443435943,1404,2011-03-02,Central America and the Caribbean,Cuba
655009877,833,2010-10-04,Central America and the Caribbean,Cuba
432951724,8891,2010-10-02,Central America and the Caribbean,Cuba
399904334,9434,2013-04-14,Central America and the Caribbean,Cuba
725021970,8967,2014-12-04,Central America and the Caribbean,Cuba
254425179,8919,2016-03-15,Central America and the Caribbean,Cuba
131114375,8512,2013-12-24,Central America and the Caribbean,Cuba
769639337,2238,2011-04-11,Central America and the Caribbean,Cuba
160878312,6322,2012-01-27,Central America and the Caribbean,Cuba
788861978,644,2014-12-17,Central America and the Caribbean,Cuba
382936465,8265,2012-01-29,Central America and the Caribbean,Cuba
975815379,4310,2016-02-13,Central America and the Caribbean,Cuba
644271171,3011,2015-04-02,Central America and the Caribbean,Cuba
524243819,4251,2012-05-28,Central America and the Caribbean,Cuba
866329324,4954,2015-04-04,Central America and the Caribbean,Cuba
149308335,2509,2013-03-10,Central America and the Caribbean,Cuba
152591788,4156,2012-07-26,Central America and the Caribbean,Cuba
802884137,113,2017-06-01,Central America and the Caribbean,Cuba
102633607,420,2015-06-17,Central America and the Caribbean,Cuba
717764127,1210,2012-04-27,Central America and the Caribbean,Cuba
292870461,5733,2015-12-30,Central America and the Caribbean,Cuba
861326253,4434,2015-02-16,Central America and the Caribbean,Cuba
204664409,3601,2012-08-14,Central America and the Caribbean,Cuba
182355725,1966,2010-08-29,Central America and the Caribbean,Cuba
437263858,4947,2014-08-10,Central America and the Caribbean,Cuba
201380956,1955,2013-03-30,Central America and the Caribbean,Cuba
726248061,1795,2012-12-04,Central America and the Caribbean,Cuba
311895692,5721,2011-01-03,Central America and the Caribbean,Cuba
401130425,2262,2011-04-14,Central America and the Caribbean,Cuba
897459685,7119,2010-11-17,Central America and the Caribbean,Cuba
953647029,4203,2013-09-07,Central America and the Caribbean,Cuba
504189908,9853,2012-12-02,Central America and the Caribbean,Cuba
112146222,5414,2012-12-18,Central America and the Caribbean,Cuba
759295451,1252,2010-05-24,Central America and the Caribbean,Cuba
581854665,2580,2014-04-25,Central America and the Caribbean,Cuba
909029662,933,2017-05-02,Central America and the Caribbean,Cuba
230059134,8465,2012-11-11,Central America and the Caribbean,Cuba
225352180,5573,2014-05-21,Central America and the Caribbean,Cuba
580233752,2916,2014-02-12,Central America and the Caribbean,Cuba
645102441,9003,2011-01-20,Central America and the Caribbean,Cuba
445352971,8696,2013-01-04,Central America and the Caribbean,Cuba
181763494,6712,2014-12-08,Central America and the Caribbean,Cuba
337924277,8158,2013-07-11,Central America and the Caribbean,Cuba
162597930,5196,2012-10-26,Central America and the Caribbean,Cuba
783126342,3342,2012-01-03,Central America and the Caribbean,Cuba
582291114,1735,2015-06-30,Central America and the Caribbean,Cuba
778954541,8814,2015-04-04,Central America and the Caribbean,Cuba
696089303,7148,2012-08-20,Central America and the Caribbean,Cuba
728996360,5078,2010-07-30,Central America and the Caribbean,Cuba
405879008,7473,2016-04-25,Central America and the Caribbean,Cuba
824600589,6494,2016-01-31,Central America and the Caribbean,Cuba
258202159,6611,2010-10-03,Central America and the Caribbean,Cuba
455894267,8099,2014-12-29,Central America and the Caribbean,Cuba
174365317,7427,2012-10-20,Central America and the Caribbean,Cuba
132833993,7385,2014-09-24,Central America and the Caribbean,Cuba
572778499,6741,2010-06-01,Central America and the Caribbean,Cuba
114006173,5815,2013-03-30,Central America and the Caribbean,Cuba
314784324,531,2015-10-05,Central America and the Caribbean,Cuba
676035392,2750,2013-02-24,Central America and the Caribbean,Cuba
929971921,8212,2014-03-11,Central America and the Caribbean,Cuba
722767198,1730,2012-06-12,Central America and the Caribbean,Cuba
778123271,2822,2011-11-18,Central America and the Caribbean,Cuba
520903289,5714,2011-06-18,Central America and the Caribbean,Cuba
748359334,5012,2013-10-15,Central America and the Caribbean,Cuba
870444047,2592,2010-06-09,Central America and the Caribbean,Cuba
475257241,8034,2010-08-19,Central America and the Caribbean,Cuba
228635632,7219,2013-10-06,Central America and the Caribbean,Cuba
676092469,9641,2014-09-20,Central America and the Caribbean,Cuba
965019595,9598,2011-06-21,Central America and the Caribbean,Cuba
474031150,5206,2012-08-19,Central America and the Caribbean,Cuba
279679572,2255,2016-11-30,Central America and the Caribbean,Cuba
175591409,255,2010-10-20,Central America and the Caribbean,Cuba
741989839,137,2016-02-18,Central America and the Caribbean,Cuba
350917756,3217,2011-07-05,Central America and the Caribbean,Cuba
825826680,9321,2014-01-31,Central America and the Caribbean,Cuba
361952579,8666,2016-03-27,Central America and the Caribbean,Cuba
987821805,7279,2016-03-06,Central America and the Caribbean,Cuba
990076577,4516,2011-01-31,Central America and the Caribbean,Cuba
355723416,5319,2010-07-15,Central America and the Caribbean,Cuba
260119187,3903,2012-08-08,Central America and the Caribbean,Cuba
489575517,5130,2014-09-27,Central America and the Caribbean,Cuba
391716516,6477,2014-04-30,Central America and the Caribbean,Cuba
764734971,927,2011-09-13,Central America and the Caribbean,Cuba
801954162,4912,2013-06-29,Central America and the Caribbean,Cuba
891131818,4563,2012-03-14,Central America and the Caribbean,Cuba
980366551,1103,2012-06-23,Central America and the Caribbean,Cuba
249380481,6081,2017-02-04,Central America and the Caribbean,Cuba
688296306,1027,2015-11-18,Central America and the Caribbean,Cuba
183483111,5585,2015-09-07,Central America and the Caribbean,Cuba
300367343,4226,2011-02-08,Central America and the Caribbean,Cuba
370633924,7669,2010-05-14,Central America and the Caribbean,Cuba
227071797,4446,2015-02-18,Central America and the Caribbean,Cuba
774247586,5921,2016-10-11,Central America and the Caribbean,Cuba
752967584,8695,2011-09-20,Central America and the Caribbean,Cuba
142149198,3961,2011-02-19,Central America and the Caribbean,Cuba
107044446,5685,2012-04-15,Central America and the Caribbean,Cuba
512912881,1174,2013-08-09,Central America and the Caribbean,Cuba
559644687,154,2012-11-25,Central America and the Caribbean,Cuba
998560512,5100,2011-09-08,Central America and the Caribbean,Cuba
981452310,2403,2010-12-13,Central America and the Caribbean,Cuba
818963658,8401,2013-09-05,Central America and the Caribbean,Cuba
418436038,3377,2013-02-13,Central America and the Caribbean,Cuba
731786286,679,2014-10-12,Central America and the Caribbean,Cuba
370535218,8460,2017-05-23,Central America and the Caribbean,Cuba
884861028,8897,2015-02-03,Central America and the Caribbean,Cuba
268504416,5278,2012-08-27,Central America and the Caribbean,Cuba
847698915,1801,2014-11-14,Central America and the Caribbean,Cuba
642551553,4138,2014-07-03,Central America and the Caribbean,Cuba
650006806,313,2010-08-19,Central America and the Caribbean,Cuba
224858653,9527,2011-08-21,Central America and the Caribbean,Cuba
680799424,2533,2013-03-13,Central America and the Caribbean,Cuba
431034696,1600,2016-06-24,Central America and the Caribbean,Cuba
698936307,9640,2010-11-02,Central America and the Caribbean,Cuba
443830764,8241,2013-05-12,Central America and the Caribbean,Cuba
596905505,6458,2013-09-04,Central America and the Caribbean,Cuba
541549432,5366,2014-03-30,Central America and the Caribbean,Cuba
159018361,5922,2011-10-17,Central America and the Caribbean,Cuba
197406566,5844,2010-01-07,Central America and the Caribbean,Cuba
220743930,1889,2016-06-15,Central America and the Caribbean,Cuba
860437905,1552,2010-03-08,Central America and the Caribbean,Cuba
785916268,8943,2016-03-18,Central America and the Caribbean,Cuba
339742600,6240,2014-10-28,Central America and the Caribbean,Cuba
549004685,1541,2010-05-16,Central America and the Caribbean,Cuba
568170249,3058,2012-06-26,Central America and the Caribbean,Cuba
244081294,7934,2015-04-28,Central America and the Caribbean,Cuba
496932065,2096,2010-04-26,Central America and the Caribbean,Cuba
756152331,1133,2010-07-19,Central America and the Caribbean,Cuba
480021274,7817,2010-09-06,Central America and the Caribbean,Cuba
217460477,242,2017-01-28,Central America and the Caribbean,Cuba
485362088,8283,2011-06-08,Central America and the Caribbean,Cuba
891822755,9026,2016-01-18,Central America and the Caribbean,Cuba
444620406,1913,2010-03-09,Central America and the Caribbean,Cuba
945121467,1300,2014-02-06,Central America and the Caribbean,Cuba
897163569,9492,2016-10-20,Central America and the Caribbean,Cuba
834606730,7533,2016-05-03,Central America and the Caribbean,Cuba
615634620,8820,2014-08-11,Central America and the Caribbean,Cuba
431767261,8382,2011-09-25,Central America and the Caribbean,Cuba
254383552,6601,2017-03-22,Central America and the Caribbean,Cuba
227705657,2019,2017-05-30,Central America and the Caribbean,Cuba
364841210,3477,2013-06-02,Central America and the Caribbean,Cuba
202310931,7155,2017-03-02,Central America and the Caribbean,Cuba
138470923,5478,2017-02-17,Central America and the Caribbean,Cuba
116162240,3843,2015-03-04,Central America and the Caribbean,Cuba
805871474,4132,2015-02-23,Central America and the Caribbean,Cuba
353130900,8136,2015-01-02,Central America and the Caribbean,Cuba
136413562,6659,2015-10-03,Central America and the Caribbean,Cuba
289431226,7986,2014-07-02,Central America and the Caribbean,Cuba
599695432,2060,2010-04-22,Central America and the Caribbean,Cuba
658194625,3271,2017-02-27,Central America and the Caribbean,Cuba
428681218,5154,2013-06-14,Central America and the Caribbean,Cuba
412206876,30,2014-12-29,Central America and the Caribbean,Cuba
645835006,5785,2013-11-18,Central America and the Caribbean,Cuba
567338979,7066,2016-09-06,Central America and the Caribbean,Cuba
154015290,5402,2011-09-01,Central America and the Caribbean,Cuba
306892621,5201,2010-11-18,Central America and the Caribbean,Cuba
862749755,5680,2014-03-25,Central America and the Caribbean,Cuba
504527652,9799,2013-07-20,Central America and the Caribbean,Cuba
442999494,2249,2017-07-23,Central America and the Caribbean,Cuba
471677672,8760,2017-03-06,Central America and the Caribbean,Cuba
198632657,8672,2015-08-05,Central America and the Caribbean,Cuba
347338187,3943,2010-06-26,Central America and the Caribbean,Cuba
224027383,3536,2015-11-01,Central America and the Caribbean,Cuba
202747380,6310,2010-10-10,Central America and the Caribbean,Cuba
348423945,5243,2016-07-11,Central America and the Caribbean,Cuba
338911330,249,2011-06-13,Central America and the Caribbean,Cuba
707617652,8643,2012-07-16,Central America and the Caribbean,Cuba
119939219,1535,2017-04-18,Central America and the Caribbean,Cuba
416378676,4558,2011-09-29,Central America and the Caribbean,Cuba
859409224,7142,2013-04-13,Central America and the Caribbean,Cuba
970952641,5318,2015-07-10,Central America and the Caribbean,Cuba
228396594,6483,2013-09-07,Central America and the Caribbean,Cuba
177352654,1446,2010-07-13,Central America and the Caribbean,Cuba
394012916,6032,2015-10-14,Central America and the Caribbean,Cuba
378525626,2999,2015-04-01,Central America and the Caribbean,Cuba
806702744,124,2010-12-13,Central America and the Caribbean,Cuba
880055367,6795,2016-01-24,Central America and the Caribbean,Cuba
136216151,8241,2014-08-28,Central America and the Caribbean,Cuba
120334041,8372,2011-12-03,Central America and the Caribbean,Cuba
991598784,4971,2010-09-24,Central America and the Caribbean,Cuba
710069835,4298,2016-02-11,Central America and the Caribbean,Cuba
575131976,3187,2013-06-10,Central America and the Caribbean,Cuba
231877458,6547,2014-02-28,Central America and the Caribbean,Cuba
110821425,3377,2014-06-01,Central America and the Caribbean,Cuba
141556966,8707,2015-05-31,Central America and the Caribbean,Cuba
508205926,8282,2015-02-15,Central America and the Caribbean,Cuba
935214030,9469,2014-05-25,Central America and the Caribbean,Cuba
476244294,125,2016-02-16,Central America and the Caribbean,Cuba
596271646,8885,2011-05-26,Central America and the Caribbean,Cuba
374156415,53,2017-05-25,Central America and the Caribbean,Cuba
900306689,9611,2016-08-25,Central America and the Caribbean,Cuba
660054576,3672,2017-06-09,Central America and the Caribbean,Cuba
748260629,5803,2013-03-28,Central America and the Caribbean,Cuba
373111855,944,2015-09-25,Australia and Oceania,Fiji
954420793,3177,2013-04-26,Australia and Oceania,Fiji
336978423,8259,2012-05-29,Australia and Oceania,Fiji
926714217,4185,2016-08-08,Australia and Oceania,Fiji
734420001,54,2014-09-09,Australia and Oceania,Fiji
231861579,1849,2016-12-20,Australia and Oceania,Fiji
599539220,5833,2013-08-02,Australia and Oceania,Fiji
245686328,2899,2010-10-03,Australia and Oceania,Fiji
367968451,8897,2016-01-28,Australia and Oceania,Fiji
504906594,1936,2010-12-26,Australia and Oceania,Fiji
489024484,2067,2015-10-27,Australia and Oceania,Fiji
402875792,8755,2013-10-27,Australia and Oceania,Fiji
866214740,1046,2017-07-07,Australia and Oceania,Fiji
809970319,7072,2013-02-19,Australia and Oceania,Fiji
359287106,9894,2014-05-16,Australia and Oceania,Fiji
161792409,6824,2011-03-27,Australia and Oceania,Fiji
237202394,2314,2010-02-25,Australia and Oceania,Fiji
362570559,1541,2013-10-01,Australia and Oceania,Fiji
934169471,361,2012-09-24,Australia and Oceania,Fiji
747216069,6695,2011-07-29,Australia and Oceania,Fiji
395420539,2579,2010-02-13,Australia and Oceania,Fiji
240288436,5543,2016-01-02,Australia and Oceania,Fiji
888523423,2681,2011-11-27,Australia and Oceania,Fiji
869202077,5065,2015-03-31,Australia and Oceania,Fiji
677936542,5343,2010-03-26,Australia and Oceania,Fiji
224307620,6464,2012-09-19,Australia and Oceania,Fiji
981774175,7650,2014-05-21,Australia and Oceania,Fiji
594042623,9268,2010-09-17,Australia and Oceania,Fiji
472789180,7680,2017-06-10,Australia and Oceania,Fiji
875628650,6831,2014-06-21,Australia and Oceania,Fiji
929701554,8205,2014-05-02,Australia and Oceania,Fiji
908478629,7870,2010-11-04,Australia and Oceania,Fiji
964863383,3371,2014-10-01,Australia and Oceania,Fiji
772512090,2349,2011-04-08,Australia and Oceania,Fiji
808645522,5035,2014-08-03,Australia and Oceania,Fiji
485585248,4321,2014-04-29,Australia and Oceania,Fiji
120162379,7573,2012-08-11,Australia and Oceania,Fiji
990455520,6653,2016-02-02,Australia and Oceania,Fiji
231762874,2639,2016-06-02,Australia and Oceania,Fiji
638265168,5702,2012-06-09,Australia and Oceania,Fiji
560797822,1393,2012-02-22,Australia and Oceania,Fiji
741381728,183,2015-08-24,Australia and Oceania,Fiji
434203565,9339,2010-07-18,Australia and Oceania,Fiji
318545424,3525,2013-02-14,Australia and Oceania,Fiji
714703834,5602,2015-10-31,Australia and Oceania,Fiji
492702758,550,2017-05-25,Australia and Oceania,Fiji
650089633,4824,2013-12-27,Australia and Oceania,Fiji
537320125,3820,2013-09-30,Australia and Oceania,Fiji
693621242,6794,2011-11-14,Australia and Oceania,Fiji
349280965,8854,2014-02-13,Australia and Oceania,Fiji
552173554,9280,2012-01-04,Australia and Oceania,Fiji
579823052,1381,2014-09-23,Australia and Oceania,Fiji
757263839,53,2010-10-22,Australia and Oceania,Fiji
815763032,1264,2010-02-01,Australia and Oceania,Fiji
775457799,4050,2010-01-06,Australia and Oceania,Fiji
679796493,5744,2010-07-06,Australia and Oceania,Fiji
313147532,6169,2010-10-19,Australia and Oceania,Fiji
872090709,9875,2012-06-04,Australia and Oceania,Fiji
771088588,1103,2012-03-01,Australia and Oceania,Fiji
570310437,6387,2017-03-22,Australia and Oceania,Fiji
524664390,8707,2016-05-24,Australia and Oceania,Fiji
844441211,7774,2017-04-12,Australia and Oceania,Fiji
122910678,856,2010-04-06,Australia and Oceania,Fiji
242938029,9616,2013-02-07,Australia and Oceania,Fiji
896513831,7220,2017-05-02,Australia and Oceania,Fiji
736970889,4918,2011-03-30,Australia and Oceania,Fiji
575412213,6116,2010-04-29,Australia and Oceania,Fiji
184397208,6086,2014-11-05,Australia and Oceania,Fiji
468180930,3996,2011-12-09,Australia and Oceania,Fiji
830517756,7515,2015-05-16,Australia and Oceania,Fiji
824091184,5749,2016-02-23,Australia and Oceania,Fiji
145120656,3282,2011-09-04,Australia and Oceania,Fiji
227985894,4947,2014-04-18,Australia and Oceania,Fiji
379974877,1865,2016-02-19,Australia and Oceania,Fiji
702894818,1051,2016-11-13,Australia and Oceania,Fiji
318249309,5897,2011-06-23,Australia and Oceania,Fiji
147178018,2101,2013-01-19,Australia and Oceania,Fiji
978194606,8376,2013-05-11,Australia and Oceania,Fiji
191852462,2262,2010-12-22,Australia and Oceania,Fiji
812323796,3518,2016-02-29,Australia and Oceania,Fiji
247151458,6463,2016-05-29,Australia and Oceania,Fiji
103646409,131,2015-03-04,Australia and Oceania,Fiji
419251430,4670,2011-09-25,Australia and Oceania,Fiji
607233512,2745,2017-05-14,Australia and Oceania,Fiji
911268556,3471,2015-01-17,Australia and Oceania,Fiji
209989345,9368,2016-03-08,Australia and Oceania,Fiji
724174821,8277,2014-05-11,Australia and Oceania,Fiji
299224078,5909,2016-06-18,Australia and Oceania,Fiji
315163266,2669,2013-03-12,Australia and Oceania,Fiji
315106189,5778,2011-08-17,Australia and Oceania,Fiji
215189826,8306,2017-05-30,Australia and Oceania,Fiji
387430131,8040,2012-04-06,Australia and Oceania,Fiji
354382741,8583,2014-10-18,Australia and Oceania,Fiji
993105113,727,2013-03-10,Australia and Oceania,Fiji
271714913,5336,2013-04-10,Australia and Oceania,Fiji
783843028,5426,2010-01-26,Australia and Oceania,Fiji
534078299,4492,2013-05-08,Australia and Oceania,Fiji
828460395,8696,2013-12-29,Australia and Oceania,Fiji
299421489,4327,2017-07-24,Australia and Oceania,Fiji
855081212,6387,2012-03-27,Australia and Oceania,Fiji
316332280,8606,2017-03-14,Australia and Oceania,Fiji
123009383,65,2010-10-23,Australia and Oceania,Fiji
729713046,7161,2016-03-18,Australia and Oceania,Fiji
578695666,7762,2017-04-11,Australia and Oceania,Fiji
368404901,8052,2017-04-02,Australia and Oceania,Fiji
893329083,4782,2010-12-07,Australia and Oceania,Fiji
397140157,1453,2010-11-14,Australia and Oceania,Fiji
164343297,1689,2015-05-11,Australia and Oceania,Fiji
986875951,7379,2015-01-23,Australia and Oceania,Fiji
536826598,7775,2011-01-01,Australia and Oceania,Fiji
889593732,9409,2015-05-12,Australia and Oceania,Fiji
704754769,1452,2017-02-23,Australia and Oceania,Fiji
364726626,9569,2015-09-05,Australia and Oceania,Fiji
210623204,6941,2010-11-21,Australia and Oceania,Fiji
125560271,4929,2014-12-08,Australia and Oceania,Fiji
582472646,5455,2011-10-30,Australia and Oceania,Fiji
583501327,9864,2016-04-21,Australia and Oceania,Fiji
423225820,780,2014-12-16,Australia and Oceania,Fiji
243473184,7980,2014-10-31,Australia and Oceania,Fiji
711124265,6328,2014-10-21,Australia and Oceania,Fiji
594240033,7686,2011-10-23,Australia and Oceania,Fiji
969372928,7846,2012-02-16,Australia and Oceania,Fiji
618606078,8140,2015-02-24,Australia and Oceania,Fiji
418856608,7833,2017-02-08,Australia and Oceania,Fiji
664252126,5820,2015-12-23,Australia and Oceania,Fiji
247842395,927,2012-09-06,Australia and Oceania,Fiji
719608199,6912,2015-05-30,Australia and Oceania,Fiji
531428706,419,2016-04-01,Australia and Oceania,Fiji
972458970,1074,2010-05-29,Australia and Oceania,Fiji
393461883,2970,2016-11-12,Australia and Oceania,Fiji
735744798,2090,2013-03-29,Australia and Oceania,Fiji
274463212,8618,2010-12-04,Australia and Oceania,Fiji
822865092,2922,2010-07-28,Australia and Oceania,Fiji
557218253,2119,2011-02-12,Australia and Oceania,Fiji
136496388,1169,2011-07-17,Australia and Oceania,Fiji
421111381,5070,2012-01-05,Australia and Oceania,Fiji
823893773,7331,2015-01-17,Australia and Oceania,Fiji
809040343,1871,2016-10-14,Australia and Oceania,Fiji
621946609,6677,2016-02-05,Australia and Oceania,Fiji
505202710,9564,2012-08-19,Australia and Oceania,Fiji
644255292,8313,2010-06-27,Australia and Oceania,Fiji
115216386,3944,2014-01-20,Australia and Oceania,Fiji
233129298,6995,2013-12-13,Australia and Oceania,Fiji
682643496,8235,2016-04-14,Australia and Oceania,Fiji
538052690,602,2016-07-29,Australia and Oceania,Fiji
690098750,4411,2012-05-31,Australia and Oceania,Fiji
653908240,4834,2015-02-04,Australia and Oceania,Fiji
596494805,4923,2014-04-15,Australia and Oceania,Fiji
577272164,6517,2010-08-09,Australia and Oceania,Fiji
683672177,2645,2013-03-09,Australia and Oceania,Fiji
794186913,6411,2010-12-14,Australia and Oceania,Fiji
447789275,9652,2011-10-28,Australia and Oceania,Fiji
586982190,9929,2016-10-12,Australia and Oceania,Fiji
953433740,1086,2015-05-25,Australia and Oceania,Fiji
736773478,6500,2010-02-21,Australia and Oceania,Fiji
553934800,472,2011-09-27,Australia and Oceania,Fiji
512657964,5739,2016-05-02,Australia and Oceania,Fiji
315994536,8660,2016-07-27,Australia and Oceania,Fiji
390812289,8896,2012-03-11,Australia and Oceania,Fiji
649003875,3524,2015-07-09,Australia and Oceania,Fiji
136932837,324,2012-09-20,Australia and Oceania,Fiji
829728114,3842,2010-12-23,Australia and Oceania,Fiji
791537320,2338,2013-11-07,Australia and Oceania,Fiji
555654418,9345,2012-06-27,Australia and Oceania,Fiji
874345481,7113,2014-11-25,Australia and Oceania,Fiji
413120973,531,2014-02-26,Australia and Oceania,Fiji
308004128,4121,2011-02-21,Australia and Oceania,Fiji
135904157,5915,2015-10-26,Australia and Oceania,Fiji
964665973,4953,2013-08-25,Australia and Oceania,Fiji
928532540,2268,2010-04-30,Australia and Oceania,Fiji
896711242,5638,2010-11-10,Australia and Oceania,Fiji
625666511,7479,2016-08-26,Australia and Oceania,Fiji
689506518,9156,2016-09-08,Australia and Oceania,Fiji
592816531,6440,2012-09-16,Australia and Oceania,Fiji
545944392,5933,2013-11-18,Australia and Oceania,Fiji
299520194,3536,2010-07-16,Australia and Oceania,Fiji
577963101,980,2014-06-13,Australia and Oceania,Fiji
639491260,8529,2010-06-10,Australia and Oceania,Fiji
183607566,2414,2010-06-13,Australia and Oceania,Fiji
300647580,7155,2015-07-25,Australia and Oceania,Fiji
740451753,4983,2011-09-20,Australia and Oceania,Fiji
669353902,5549,2016-08-26,Australia and Oceania,Fiji
171938884,9391,2011-01-07,Australia and Oceania,Fiji
206014955,3258,2012-12-17,Australia and Oceania,Fiji
353748881,1010,2012-07-08,Australia and Oceania,Fiji
387627542,6458,2013-05-13,Australia and Oceania,Fiji
551383912,5607,2015-03-10,Australia and Oceania,Fiji
369630992,879,2015-04-03,Australia and Oceania,Fiji
524763095,7916,2016-12-11,Australia and Oceania,Fiji
795750749,9185,2017-02-25,Australia and Oceania,Fiji
678570401,2916,2012-07-05,Australia and Oceania,Fiji
454257476,3737,2010-01-11,Australia and Oceania,Fiji
617873513,1358,2012-04-28,Australia and Oceania,Fiji
645523011,3459,2015-01-16,Australia and Oceania,Fiji
981379354,814,2012-03-10,Australia and Oceania,Fiji
214259850,3106,2013-06-26,Australia and Oceania,Fiji
481906974,5837,2012-09-30,Australia and Oceania,Fiji
993006408,1518,2012-08-22,Australia and Oceania,Fiji
815565621,2846,2016-07-24,Australia and Oceania,Fiji
536036956,4102,2014-03-06,Australia and Oceania,Fiji
498874843,7007,2013-12-15,Australia and Oceania,Fiji
706079566,3489,2015-09-13,Australia and Oceania,Fiji
441461408,7096,2013-02-22,Australia and Oceania,Fiji
426607978,1636,2014-11-19,Australia and Oceania,Fiji
360710608,1140,2013-06-22,Australia and Oceania,Fiji
349140632,7326,2014-08-04,Australia and Oceania,Fiji
868666923,6701,2013-07-08,Australia and Oceania,Fiji
379933249,9546,2017-02-26,Australia and Oceania,Fiji
549918782,2043,2017-02-08,Australia and Oceania,Fiji
764521682,7810,2013-05-30,Australia and Oceania,Fiji
995063769,337,2014-01-07,Australia and Oceania,Fiji
464996182,1558,2013-02-09,Australia and Oceania,Fiji
945245921,8128,2016-06-10,Australia and Oceania,Fiji
256565368,2249,2013-05-13,Australia and Oceania,Fiji
259905898,786,2014-04-24,Australia and Oceania,Fiji
286329305,59,2011-06-16,Australia and Oceania,Fiji
293784558,6234,2015-02-27,Australia and Oceania,Fiji
997318542,7574,2016-06-29,Australia and Oceania,Fiji
965990769,6990,2012-03-14,Australia and Oceania,Fiji
468575751,832,2014-02-19,Australia and Oceania,Fiji
674694716,6015,2017-05-29,Australia and Oceania,Fiji
936226832,9180,2014-02-09,Australia and Oceania,Fiji
480343139,3064,2014-02-12,Australia and Oceania,Fiji
989328134,3035,2011-01-24,Australia and Oceania,Fiji
380369699,8701,2010-10-05,Australia and Oceania,Fiji
173164975,2219,2016-08-03,Australia and Oceania,Fiji
268826282,525,2016-02-04,Australia and Oceania,Fiji
970105493,4628,2014-12-15,Australia and Oceania,Fiji
864988648,8218,2011-12-10,Australia and Oceania,Fiji
622679173,3460,2011-05-09,Australia and Oceania,Fiji
799091279,7722,2010-07-12,Australia and Oceania,Fiji
666267859,2320,2010-10-20,Australia and Oceania,Fiji
820371282,4948,2015-08-04,Australia and Oceania,Fiji
383653151,348,2010-02-20,Australia and Oceania,Fiji
671608674,2786,2011-07-23,Australia and Oceania,Fiji
294418418,3807,2017-06-08,Australia and Oceania,Fiji
438811814,3022,2016-01-17,Australia and Oceania,Fiji
677006566,142,2013-11-18,Australia and Oceania,Fiji
631163108,4044,2011-12-15,Australia and Oceania,Fiji
230578410,2130,2017-05-26,Australia and Oceania,Fiji
220037114,2727,2015-06-02,Australia and Oceania,Fiji
110608136,260,2016-02-15,Australia and Oceania,Fiji
144486796,5709,2016-12-20,Australia and Oceania,Fiji
305988395,7621,2016-04-26,Australia and Oceania,Fiji
298590219,8336,2014-03-09,Australia and Oceania,Fiji
504709184,3518,2017-06-16,Australia and Oceania,Fiji
904208123,4132,2013-07-17,Australia and Oceania,Fiji
855476033,3224,2014-06-08,Australia and Oceania,Fiji
961621558,4043,2014-05-08,Australia and Oceania,Fiji
321927583,4381,2013-01-18,Australia and Oceania,Fiji
487798392,9239,2010-03-31,Australia and Oceania,Fiji
973388946,6275,2014-05-02,Australia and Oceania,Fiji
883125531,5325,2017-02-25,Australia and Oceania,Fiji
259708487,2368,2013-03-19,Australia and Oceania,Fiji
556147944,5390,2015-03-27,Australia and Oceania,Fiji
169387996,4527,2014-06-19,Australia and Oceania,Fiji
940736377,3654,2011-06-28,Australia and Oceania,Fiji
335061395,967,2010-07-25,Australia and Oceania,Fiji
365854012,3187,2013-02-16,Australia and Oceania,Fiji
869638526,4220,2016-06-03,Australia and Oceania,Fiji
317121922,2279,2014-01-08,Australia and Oceania,Fiji
534810864,1274,2016-03-06,Australia and Oceania,Fiji
711222970,5537,2015-05-10,Australia and Oceania,Fiji
605077445,4717,2015-06-10,Australia and Oceania,Fiji
690000045,5201,2011-11-12,Australia and Oceania,Fiji
498677432,8589,2012-11-08,Australia and Oceania,Fiji
949220311,4239,2012-02-03,Australia and Oceania,Fiji
652780854,1216,2010-01-26,Australia and Oceania,Fiji
712308728,6837,2013-10-29,Australia and Oceania,Fiji
469999253,2078,2013-03-27,Australia and Oceania,Fiji
206607186,8513,2016-04-04,Australia and Oceania,Fiji
306383216,4457,2010-12-11,Australia and Oceania,Fiji
646392047,626,2012-12-18,Middle East and North Africa,Iran
748479926,698,2011-09-11,Middle East and North Africa,Iran
269258868,8537,2012-11-02,Middle East and North Africa,Iran
627423894,7528,2011-12-13,Middle East and North Africa,Iran
804864680,6200,2015-08-08,Middle East and North Africa,Iran
442527854,2681,2012-03-02,Middle East and North Africa,Iran
872819411,5515,2010-10-26,Middle East and North Africa,Iran
801581227,4553,2016-03-22,Middle East and North Africa,Iran
481804406,5485,2015-05-04,Middle East and North Africa,Iran
525336015,7456,2013-03-21,Middle East and North Africa,Iran
182081496,816,2013-12-09,Middle East and North Africa,Iran
534848630,2450,2010-09-22,Middle East and North Africa,Iran
127951514,2551,2012-07-04,Middle East and North Africa,Iran
932290208,4245,2013-01-02,Middle East and North Africa,Iran
804568564,8572,2013-12-14,Middle East and North Africa,Iran
476307809,8920,2012-06-18,Middle East and North Africa,Iran
853498065,7899,2014-02-27,Middle East and North Africa,Iran
579367291,6511,2014-02-06,Middle East and North Africa,Iran
458170926,1813,2014-10-28,Middle East and North Africa,Iran
258421456,1506,2016-10-13,Middle East and North Africa,Iran
589965665,2805,2010-01-28,Middle East and North Africa,Iran
932191503,5036,2012-06-15,Middle East and North Africa,Iran
822705447,5679,2011-08-05,Middle East and North Africa,Iran
346627509,3638,2012-08-01,Middle East and North Africa,Iran
944790160,3259,2015-10-24,Middle East and North Africa,Iran
269160163,9328,2012-04-15,Middle East and North Africa,Iran
714305150,7622,2016-10-09,Middle East and North Africa,Iran
209632289,3708,2016-02-09,Middle East and North Africa,Iran
300981462,5958,2011-10-04,Middle East and North Africa,Iran
484791743,9505,2013-01-25,Middle East and North Africa,Iran
444346177,763,2013-06-19,Middle East and North Africa,Iran
767349374,4587,2012-02-28,Middle East and North Africa,Iran
519896495,7781,2011-11-30,Middle East and North Africa,Iran
244596707,456,2015-06-04,Middle East and North Africa,Iran
897086751,6760,2013-08-10,Middle East and North Africa,Iran
604819095,8265,2015-11-29,Middle East and North Africa,Iran
202177035,7532,2012-05-28,Middle East and North Africa,Iran
741559827,2887,2017-04-17,Middle East and North Africa,Iran
149766671,8141,2011-09-22,Middle East and North Africa,Iran
352602183,1677,2015-08-14,Middle East and North Africa,Iran
151881110,3850,2014-09-02,Middle East and North Africa,Iran
272880065,130,2012-11-05,Middle East and North Africa,Iran
152852714,1370,2010-01-01,Middle East and North Africa,Iran
881838500,4463,2013-02-24,Middle East and North Africa,Iran
590599524,379,2012-05-09,Middle East and North Africa,Iran
431295621,8813,2013-11-30,Middle East and North Africa,Iran
303870093,768,2016-07-05,Middle East and North Africa,Iran
974216353,1123,2013-04-10,Middle East and North Africa,Iran
315440070,4581,2015-05-24,Middle East and North Africa,Iran
147511899,904,2016-10-26,Middle East and North Africa,Iran
211253201,3372,2016-04-22,Middle East and North Africa,Iran
534116065,5668,2015-06-21,Middle East and North Africa,Iran
719012105,515,2015-04-02,Middle East and North Africa,Iran
482043445,6222,2015-06-02,Middle East and North Africa,Iran
526717889,6383,2013-05-04,Middle East and North Africa,Iran
603296887,7810,2016-04-05,Middle East and North Africa,Iran
893309772,9068,2011-06-26,Middle East and North Africa,Iran
552310025,9665,2014-09-05,Middle East and North Africa,Iran
856147658,1972,2011-04-05,Middle East and North Africa,Iran
897678983,2014,2016-11-26,Middle East and North Africa,Iran
487441337,3578,2010-03-03,Middle East and North Africa,Iran
333337914,951,2012-12-14,Middle East and North Africa,Iran
151725327,7751,2012-07-20,Middle East and North Africa,Iran
883854234,964,2015-07-19,Middle East and North Africa,Iran
338735806,8307,2015-04-12,Middle East and North Africa,Iran
259985291,4280,2015-05-31,Middle East and North Africa,Iran
956121098,6335,2014-08-13,Middle East and North Africa,Iran
607468688,2339,2013-01-04,Middle East and North Africa,Iran
941210591,3985,2014-10-14,Middle East and North Africa,Iran
304659736,4441,2013-05-02,Middle East and North Africa,Iran
531227433,857,2010-09-19,Middle East and North Africa,Iran
125301921,8478,2015-05-29,Middle East and North Africa,Iran
453562676,8130,2016-11-23,Middle East and North Africa,Iran
671449029,5544,2012-07-30,Middle East and North Africa,Iran
485581386,3178,2017-06-18,Middle East and North Africa,Iran
214536654,5018,2015-09-07,Middle East and North Africa,Iran
486552989,697,2012-10-18,Middle East and North Africa,Iran
611978232,6813,2010-05-23,Middle East and North Africa,Iran
789419019,5485,2014-01-16,Middle East and North Africa,Iran
761712443,6494,2017-04-30,Middle East and North Africa,Iran
473813998,946,2017-06-25,Middle East and North Africa,Iran
960433232,2391,2010-11-24,Middle East and North Africa,Iran
245329272,7238,2010-09-05,Middle East and North Africa,Iran
540740048,5852,2015-10-18,Middle East and North Africa,Iran
496122682,2581,2011-11-15,Middle East and North Africa,Iran
653312146,8437,2014-12-09,Middle East and North Africa,Iran
813785064,5939,2017-05-20,Middle East and North Africa,Iran
145553243,1294,2015-12-29,Middle East and North Africa,Iran
114563214,656,2012-04-29,Middle East and North Africa,Iran
350108373,3703,2013-01-23,Middle East and North Africa,Iran
919592845,6813,2016-09-01,Middle East and North Africa,Iran
578536021,520,2010-09-22,Middle East and North Africa,Iran
232138383,3761,2011-08-06,Middle East and North Africa,Iran
531663882,12,2011-11-24,Middle East and North Africa,Iran
990690696,6247,2011-09-26,Middle East and North Africa,Iran
530635201,5603,2014-12-29,Middle East and North Africa,Iran
929105460,1807,2014-03-05,Middle East and North Africa,Iran
922678887,42,2014-12-13,Middle East and North Africa,Iran
948328101,214,2010-04-15,Middle East and North Africa,Iran
446798360,6418,2017-01-15,Middle East and North Africa,Iran
373445737,9747,2011-12-05,Middle East and North Africa,Iran
849383342,261,2011-05-28,Middle East and North Africa,Iran
152416265,2215,2016-05-25,Middle East and North Africa,Iran
897284162,5178,2014-09-16,Middle East and North Africa,Iran
173696267,9440,2013-11-19,Middle East and North Africa,Iran
707047307,9865,2014-03-04,Middle East and North Africa,Iran
900370204,8406,2012-12-26,Middle East and North Africa,Iran
768632543,4305,2011-09-24,Middle East and North Africa,Iran
643207299,8188,2014-02-19,Middle East and North Africa,Iran
117311513,3938,2017-07-20,Middle East and North Africa,Iran
953668916,680,2011-01-16,Middle East and North Africa,Iran
881542384,6836,2011-07-03,Middle East and North Africa,Iran
683907353,2239,2016-05-28,Middle East and North Africa,Iran
642376029,2197,2010-10-05,Middle East and North Africa,Iran
868746316,195,2014-08-14,Middle East and North Africa,Iran
721069467,9334,2016-08-17,Middle East and North Africa,Iran
589274728,8342,2013-10-21,Middle East and North Africa,Iran
605213916,5102,2010-07-15,Middle East and North Africa,Iran
832612884,7510,2011-04-19,Middle East and North Africa,Iran
739066016,4913,2014-09-27,Middle East and North Africa,Iran
545686042,9481,2014-05-09,Middle East and North Africa,Iran
372557389,6865,2014-07-22,Middle East and North Africa,Iran
782654702,3774,2014-03-10,Middle East and North Africa,Iran
885714185,1365,2015-10-29,Middle East and North Africa,Iran
443120086,7935,2015-06-19,Middle East and North Africa,Iran
842759358,77,2011-01-29,Middle East and North Africa,Iran
788489043,285,2010-02-12,Middle East and North Africa,Iran
705623805,8619,2015-01-26,Middle East and North Africa,Iran
532354819,4476,2015-09-29,Middle East and North Africa,Iran
442034327,6635,2016-12-29,Middle East and North Africa,Iran
109518516,7817,2013-03-21,Middle East and North Africa,Iran
770492494,4706,2012-01-04,Middle East and North Africa,Iran
361283528,679,2017-04-27,Middle East and North Africa,Iran
552549064,402,2014-10-04,Middle East and North Africa,Iran
287987983,899,2013-10-10,Middle East and North Africa,Iran
387961423,5261,2017-02-17,Middle East and North Africa,Iran
305096185,3596,2014-07-06,Middle East and North Africa,Iran
145651948,503,2016-07-17,Middle East and North Africa,Iran
397474038,255,2014-08-21,Middle East and North Africa,Iran
966958510,3366,2010-09-03,Middle East and North Africa,Iran
430464351,2822,2010-07-16,Middle East and North Africa,Iran
553634822,1702,2013-03-25,Middle East and North Africa,Iran
504845654,3903,2012-07-21,Middle East and North Africa,Iran
801186406,7717,2014-01-09,Middle East and North Africa,Iran
334761416,2197,2012-01-20,Middle East and North Africa,Iran
968085896,6985,2015-09-12,Middle East and North Africa,Iran
292201411,7746,2017-01-29,Middle East and North Africa,Iran
486750400,9115,2013-11-23,Middle East and North Africa,Iran
105248010,4080,2015-12-03,Middle East and North Africa,Iran
365496957,7527,2013-01-19,Middle East and North Africa,Iran
255039298,651,2016-11-08,Middle East and North Africa,Iran
443218791,7144,2016-01-06,Middle East and North Africa,Iran
207278811,7261,2013-01-30,Middle East and North Africa,Iran
574956452,1246,2017-04-09,Middle East and North Africa,Iran
746027743,5042,2015-09-10,Middle East and North Africa,Iran
306026160,8796,2010-11-12,Middle East and North Africa,Iran
246555364,66,2016-04-02,Middle East and North Africa,Iran
243469321,6837,2010-05-26,Middle East and North Africa,Iran
833148038,5874,2013-01-09,Middle East and North Africa,Iran
862911975,3684,2011-02-11,Middle East and North Africa,Iran
995735394,9086,2010-11-04,Middle East and North Africa,Iran
837023723,2775,2015-09-13,Middle East and North Africa,Iran
750932109,6353,2015-04-09,Middle East and North Africa,Iran
650070321,9109,2014-07-17,Middle East and North Africa,Iran
654242122,3637,2011-04-17,Middle East and North Africa,Iran
177078425,296,2013-10-24,Middle East and North Africa,Iran
643700826,4234,2016-11-18,Middle East and North Africa,Iran
127260577,8088,2016-03-26,Middle East and North Africa,Iran
656299483,2456,2012-09-01,Middle East and North Africa,Iran
715827357,8077,2016-06-03,Middle East and North Africa,Iran
388595283,2834,2011-11-02,Middle East and North Africa,Iran
554466092,7693,2016-08-09,Middle East and North Africa,Iran
694744765,9270,2012-06-17,Middle East and North Africa,Iran
818886840,5668,2010-06-27,Middle East and North Africa,Iran
164479768,2073,2010-06-15,Middle East and North Africa,Iran
894437158,2686,2016-07-04,Middle East and North Africa,Iran
320640552,3519,2016-08-14,Middle East and North Africa,Iran
622420823,7008,2011-10-28,Middle East and North Africa,Iran
506508195,5885,2011-09-25,Middle East and North Africa,Iran
356773984,6205,2012-05-14,Middle East and North Africa,Iran
866787660,585,2013-10-15,Middle East and North Africa,Iran
859332406,4410,2010-02-01,Middle East and North Africa,Iran
447037398,7155,2017-02-13,Middle East and North Africa,Iran
826342093,1843,2014-03-10,Middle East and North Africa,Iran
575548684,6500,2012-12-29,Middle East and North Africa,Iran
996467959,5868,2013-09-01,Middle East and North Africa,Iran
817858159,1259,2013-08-01,Middle East and North Africa,Iran
449151837,2865,2012-06-29,Middle East and North Africa,Iran
419387900,5054,2014-05-27,Middle East and North Africa,Iran
967789781,9357,2014-01-18,Middle East and North Africa,Iran
340891873,6336,2017-03-16,Middle East and North Africa,Iran
116521871,266,2013-02-26,Middle East and North Africa,Iran
351433169,5739,2011-08-12,Middle East and North Africa,Iran
608596074,5958,2010-06-19,Middle East and North Africa,Iran
138295400,3537,2013-05-22,Middle East and North Africa,Iran
